翡翠绿洲森林半岛 2室2厅 87.38平米,20028,2017.09.12,https://gz.lianjia.com/chengjiao/GZ0002816192.html,113.565886,23.142768,1
碧桂园凤凰城凤盈苑 6室2厅 286平米,22308,2017.09.12,https://gz.lianjia.com/chengjiao/GZ0002738657.html,113.570507,23.133153,1
碧桂园凤凰城凤晴苑 1室1厅 51.85平米,20251,2017.09.05,https://gz.lianjia.com/chengjiao/GZ0003002108.html,113.57893,23.132267,1
力诚凯怡湾 2室1厅 65平米,20000,2017.09.03,https://gz.lianjia.com/chengjiao/GZ0003013731.html,113.613227,23.120776,1
碧桂园凤凰城凤馨苑 3室2厅 95.96平米,23239,2017.08.31,https://gz.lianjia.com/chengjiao/GZ0002920171.html,113.606996,23.147009,1
新都盛世名门宏城汇 1室1厅 48平米,22292,2017.08.29,https://gz.lianjia.com/chengjiao/GZ0002833812.html,113.605394,23.131785,1
碧桂园凤凰城凤天苑 3室2厅 105平米,22715,2017.08.26,https://gz.lianjia.com/chengjiao/GZ0002983526.html,113.590314,23.152997,1
碧桂园凤凰城凤仪苑 3室2厅 106平米,19623,2017.08.26,https://gz.lianjia.com/chengjiao/GZ0002567324.html,113.579643,23.140134,1
碧桂园凤凰城凤仪苑 3室2厅 99.55平米,20392,2017.08.25,https://gz.lianjia.com/chengjiao/GZ0002863526.html,113.579643,23.140134,1
汇东国际花园 2室1厅 80平米,19563,2017.08.21,https://gz.lianjia.com/chengjiao/GZ0002815576.html,113.590787,23.125953,1
汇东国际花园 3室2厅 111.05平米,22063,2017.08.20,https://gz.lianjia.com/chengjiao/GZ0002955062.html,113.590787,23.125953,1
碧桂园凤凰城凤晴苑 1室1厅 47.25平米,21799,2017.08.20,https://gz.lianjia.com/chengjiao/GZ0002608239.html,113.57893,23.132267,1
翡翠绿洲森林半岛 3室2厅 147.69平米,20990,2017.08.20,https://gz.lianjia.com/chengjiao/GZ0002724603.html,113.565886,23.142768,1
碧桂园凤凰城凤仪苑 2室2厅 78.16平米,20471,2017.08.19,https://gz.lianjia.com/chengjiao/GZ0002966726.html,113.579643,23.140134,1
翡翠绿洲湖绣苑 3室2厅 99.73平米,23063,2017.08.17,https://gz.lianjia.com/chengjiao/GZ0002942054.html,113.562724,23.141489,1
碧桂园凤凰城凤晴苑 1室0厅 52.39平米,18745,2017.08.16,https://gz.lianjia.com/chengjiao/GZ0002938104.html,113.57893,23.132267,1
碧桂园凤凰城凤晴苑 1室1厅 51.74平米,19714,2017.08.16,https://gz.lianjia.com/chengjiao/GZ0002594366.html,113.57893,23.132267,1
力诚凯怡湾 2室2厅 79平米,17342,2017.08.15,https://gz.lianjia.com/chengjiao/GZ0002869897.html,113.613227,23.120776,1
碧桂园凤凰城凤馨苑 3室2厅 95.89平米,22213,2017.08.13,https://gz.lianjia.com/chengjiao/GZ0002576368.html,113.606996,23.147009,1
新都盛世名门世泽轩 2室2厅 71.8平米,23817,2017.08.10,https://gz.lianjia.com/chengjiao/GZ0002852270.html,113.606454,23.131029,1
碧桂园凤凰城凤妍苑 3室2厅 95.44平米,22737,2017.08.09,https://gz.lianjia.com/chengjiao/GZ0002819477.html,113.585118,23.133922,1
新康花园康馨苑 1室1厅 55平米,14455,2017.08.08,https://gz.lianjia.com/chengjiao/GZ0002761577.html,113.597381,23.119718,1
翡翠绿洲湖绣苑 3室2厅 101.1平米,21995,2017.08.06,https://gz.lianjia.com/chengjiao/GZ0002904621.html,113.562724,23.141489,1
新都盛世名门宏城汇 1室1厅 49.95平米,21622,2017.08.04,https://gz.lianjia.com/chengjiao/GZ0002791741.html,113.605394,23.131785,1
翡翠绿洲湖绣苑 3室2厅 104.36平米,22517,2017.08.04,https://gz.lianjia.com/chengjiao/GZ0002937705.html,113.562724,23.141489,1
碧桂园凤凰城凤馨苑 3室2厅 97平米,24743,2017.08.04,https://gz.lianjia.com/chengjiao/GZ0002940093.html,113.606996,23.147009,1
城市家园 1室1厅 57平米,10243,2017.07.31,https://gz.lianjia.com/chengjiao/GZ0002609845.html,113.621111,23.130741,1
新都盛世名门宏城汇 1室1厅 46.63平米,21660,2017.07.30,https://gz.lianjia.com/chengjiao/GZ0002855467.html,113.605394,23.131785,1
碧桂园凤凰城凤晴苑 1室1厅 51.21平米,19723,2017.07.28,https://gz.lianjia.com/chengjiao/GZ0002829661.html,113.57893,23.132267,1
东凌广场 3室2厅 104平米,23847,2017.07.22,https://gz.lianjia.com/chengjiao/GZ0002846338.html,113.601127,23.142793,1
翡翠绿洲森林半岛 4室2厅 187.55平米,16849,2017.07.21,https://gz.lianjia.com/chengjiao/GZ0002454473.html,113.565886,23.142768,1
东方名都 3室2厅 103平米,23962,2017.07.21,https://gz.lianjia.com/chengjiao/GZ0002737944.html,113.599703,23.130007,1
碧桂园凤凰城凤馨苑 3室2厅 97.15平米,23161,2017.07.19,https://gz.lianjia.com/chengjiao/GZ0002725267.html,113.606996,23.147009,1
豪进山湖珺璟 3室2厅 95平米,22632,2017.07.14,https://gz.lianjia.com/chengjiao/GZ0002787345.html,113.597547,23.122297,1
东凌广场 2室2厅 75.32平米,21110,2017.07.13,https://gz.lianjia.com/chengjiao/GZ0002866841.html,113.601127,23.142793,1
碧桂园凤凰城凤馨苑 3室2厅 96.95平米,23208,2017.07.12,https://gz.lianjia.com/chengjiao/GZ0002615340.html,113.606996,23.147009,1
富雅都市华庭 3室2厅 87平米,17242,2017.07.11,https://gz.lianjia.com/chengjiao/GZ0002767938.html,113.630816,23.137925,1
力诚凯怡湾 3室2厅 84.43平米,18714,2017.07.09,https://gz.lianjia.com/chengjiao/GZ0002846925.html,113.613227,23.120776,1
东方名都 1室1厅 50平米,22600,2017.07.08,https://gz.lianjia.com/chengjiao/GZ0002814184.html,113.599703,23.130007,1
碧桂园凤凰城凤馨苑 3室2厅 95.85平米,22744,2017.07.08,https://gz.lianjia.com/chengjiao/GZ0002849298.html,113.606996,23.147009,1
碧桂园凤凰城凤馨苑 3室2厅 93.13平米,22206,2017.07.07,https://gz.lianjia.com/chengjiao/GZ0002714974.html,113.606996,23.147009,1
碧桂园凤凰城凤岭苑 3室2厅 121.27平米,20451,2017.07.05,https://gz.lianjia.com/chengjiao/GZ0002756585.html,113.580882,23.14211,1
翡翠绿洲森林半岛 6室2厅 364.54平米,16460,2017.07.02,https://gz.lianjia.com/chengjiao/GZ0002451285.html,113.565886,23.142768,1
东凌广场 3室2厅 109平米,20000,2017.07.02,https://gz.lianjia.com/chengjiao/GZ0002599779.html,113.601127,23.142793,1
碧桂园凤凰城凤馨苑 3室2厅 95.87平米,22687,2017.07.01,https://gz.lianjia.com/chengjiao/GZ0002619732.html,113.606996,23.147009,1
翡翠绿洲森林半岛 2室2厅 87平米,19771,2017.06.28,https://gz.lianjia.com/chengjiao/GZ0002600631.html,113.565886,23.142768,1
东方名都 3室2厅 115平米,19566,2017.06.27,https://gz.lianjia.com/chengjiao/GZ0002761992.html,113.599703,23.130007,1
中森茗苑 2室2厅 85.16平米,17614,2017.06.27,https://gz.lianjia.com/chengjiao/GZ0002833402.html,113.632526,23.134261,1
碧桂园凤凰城凤馨苑 3室2厅 93平米,22130,2017.06.26,https://gz.lianjia.com/chengjiao/GZ0002803288.html,113.606996,23.147009,1
翡翠绿洲育才阳光苑 2室2厅 90.18平米,19406,2017.06.25,https://gz.lianjia.com/chengjiao/GZ0002648891.html,113.565132,23.138681,1
新都盛世名门宏城汇 1室1厅 47平米,22528,2017.06.22,https://gz.lianjia.com/chengjiao/GZ0002611990.html,113.605394,23.131785,1
金地荔湖城环山路 2室2厅 77.33平米,14225,2017.06.18,https://gz.lianjia.com/chengjiao/GZ0002752137.html,113.611708,23.222022,1
东凌广场 3室2厅 98平米,22449,2017.06.17,https://gz.lianjia.com/chengjiao/GZ0002762006.html,113.601127,23.142793,1
东方名都 3室2厅 101平米,22080,2017.06.17,https://gz.lianjia.com/chengjiao/GZ0002798072.html,113.599703,23.130007,1
锦绣新天地 3室2厅 89.67平米,18067,2017.06.11,https://gz.lianjia.com/chengjiao/GZ0002732321.html,113.628965,23.125537,1
碧桂园凤凰城凤仪苑 3室2厅 99.19平米,20567,2017.06.10,https://gz.lianjia.com/chengjiao/GZ0002652892.html,113.579643,23.140134,1
惠百氏广场 1室1厅 38.39平米,19797,2017.06.07,https://gz.lianjia.com/chengjiao/GZ0002749725.html,113.60039,23.128096,1
碧桂园凤凰城凤馨苑 2室2厅 97.13平米,21415,2017.06.04,https://gz.lianjia.com/chengjiao/GZ0002581841.html,113.606996,23.147009,1
碧桂园凤凰城凤馨苑 3室2厅 100.72平米,23333,2017.05.28,https://gz.lianjia.com/chengjiao/GZ0002588653.html,113.606996,23.147009,1
碧桂园凤凰城凤仪苑 3室2厅 104平米,19712,2017.05.21,https://gz.lianjia.com/chengjiao/GZ0002616707.html,113.579643,23.140134,1
新都盛世名门宏城汇 1室1厅 39平米,21795,2017.05.21,https://gz.lianjia.com/chengjiao/GZ0002737283.html,113.605394,23.131785,1
碧桂园凤凰城凤妍苑 3室2厅 99.25平米,23174,2017.05.16,https://gz.lianjia.com/chengjiao/GZ0002575040.html,113.585118,23.133922,1
力诚凯怡湾 1室1厅 39.21平米,16068,2017.05.16,https://gz.lianjia.com/chengjiao/GZ0002588526.html,113.613227,23.120776,1
碧桂园凤凰城凤馨苑 3室2厅 100.56平米,22872,2017.05.15,https://gz.lianjia.com/chengjiao/GZ0002645494.html,113.606996,23.147009,1
汇东国际花园 1室1厅 42平米,20239,2017.05.14,https://gz.lianjia.com/chengjiao/GZ0002617057.html,113.590787,23.125953,1
翡翠绿洲森林半岛 2室2厅 88平米,20341,2017.05.08,https://gz.lianjia.com/chengjiao/GZ0002592144.html,113.565886,23.142768,1
碧桂园凤凰城凤盈苑 3室2厅 135平米,15556,2017.05.06,https://gz.lianjia.com/chengjiao/GZ0002650352.html,113.570507,23.133153,1
碧桂园凤凰城凤晴苑 1室1厅 49平米,20409,2017.04.30,https://gz.lianjia.com/chengjiao/GZ0002590372.html,113.57893,23.132267,1
东凌广场 3室2厅 110.32平米,19942,2017.04.29,https://gz.lianjia.com/chengjiao/GZ0002624394.html,113.601127,23.142793,1
翡翠绿洲森林半岛 3室2厅 162.05平米,17588,2017.04.24,https://gz.lianjia.com/chengjiao/GZ0002551072.html,113.565886,23.142768,1
碧桂园凤凰城凤仪苑 3室2厅 100平米,26600,2017.04.20,https://gz.lianjia.com/chengjiao/GZ0002592311.html,113.579643,23.140134,1
翡翠绿洲森林半岛 3室2厅 89平米,21349,2017.04.15,https://gz.lianjia.com/chengjiao/GZ0002582359.html,113.565886,23.142768,1
力诚凯怡湾 3室2厅 85平米,19883,2017.04.15,https://gz.lianjia.com/chengjiao/GZ0002603155.html,113.613227,23.120776,1
新都盛世名门宏城汇 2室2厅 76.28平米,22287,2017.04.12,https://gz.lianjia.com/chengjiao/GZ0002585390.html,113.605394,23.131785,1
力诚凯怡湾 3室1厅 84.53平米,20112,2017.04.04,https://gz.lianjia.com/chengjiao/GZ0002573194.html,113.613227,23.120776,1
合生湖山国际山咏轩 4室2厅 143.09平米,17472,2017.04.03,https://gz.lianjia.com/chengjiao/GZ0002070388.html,113.569713,23.13692,1
金色港湾 1室1厅 48平米,12084,2017.03.31,https://gz.lianjia.com/chengjiao/GZ0002320734.html,113.617894,23.120946,1
翡翠绿洲湖绣苑 2室2厅 96平米,22917,2017.03.31,https://gz.lianjia.com/chengjiao/GZ0002542025.html,113.562724,23.141489,1
紫云山庄玫瑰园 5室2厅 358平米,18939,2017.03.31,https://gz.lianjia.com/chengjiao/GZ0002398277.html,113.572766,23.138431,1
翡翠绿洲森林半岛 2室2厅 93平米,19893,2017.03.30,https://gz.lianjia.com/chengjiao/GZ0002569743.html,113.565886,23.142768,1
翡翠绿洲森林半岛 5室2厅 195平米,14770,2017.03.29,https://gz.lianjia.com/chengjiao/GZ0002569473.html,113.565886,23.142768,1
碧桂园凤凰城凤仪苑 3室2厅 100平米,20800,2017.03.28,https://gz.lianjia.com/chengjiao/GZ0002559392.html,113.579643,23.140134,1
翡翠绿洲森林半岛 2室2厅 93平米,21613,2017.03.28,https://gz.lianjia.com/chengjiao/GZ0002568335.html,113.565886,23.142768,1
富城花园 3室2厅 118.82平米,13887,2017.03.27,https://gz.lianjia.com/chengjiao/GZ0002554545.html,113.613869,23.124744,1
新塘新世界花园万象苑 3室2厅 95.87平米,21071,2017.03.26,https://gz.lianjia.com/chengjiao/GZ0002422479.html,113.579101,23.113124,1
碧桂园凤凰城凤馨苑 3室2厅 96平米,19792,2017.03.23,https://gz.lianjia.com/chengjiao/GZ0002431975.html,113.606996,23.147009,1
碧桂园凤凰城凤仪苑 3室2厅 105平米,18572,2017.03.23,https://gz.lianjia.com/chengjiao/GZ0002550783.html,113.579643,23.140134,1
假日花园 1室1厅 51.33平米,19872,2017.03.22,https://gz.lianjia.com/chengjiao/GZ0002266555.html,113.601679,23.132516,1
翡翠绿洲森林半岛 3室2厅 123.66平米,19328,2017.03.22,https://gz.lianjia.com/chengjiao/GZ0002327108.html,113.565886,23.142768,1
翡翠绿洲森林半岛 4室2厅 187.67平米,14654,2017.03.20,https://gz.lianjia.com/chengjiao/GZ0002350041.html,113.565886,23.142768,1
翡翠绿洲森林半岛 3室2厅 123平米,18293,2017.03.19,https://gz.lianjia.com/chengjiao/GZ0002413638.html,113.565886,23.142768,1
碧桂园凤凰城凤天苑 3室2厅 105平米,20000,2017.03.19,https://gz.lianjia.com/chengjiao/GZ0002449714.html,113.590314,23.152997,1
翡翠绿洲森林半岛 3室2厅 138.87平米,18003,2017.03.18,https://gz.lianjia.com/chengjiao/GZ0002303267.html,113.565886,23.142768,1
翡翠绿洲育才阳光苑 3室2厅 91平米,17583,2017.03.18,https://gz.lianjia.com/chengjiao/GZ0002453869.html,113.565132,23.138681,1
翡翠绿洲湖翠苑 2室2厅 95平米,17895,2017.03.17,https://gz.lianjia.com/chengjiao/GZ0002380725.html,113.559913,23.141319,1
翡翠绿洲湖翠苑 3室2厅 104平米,18606,2017.03.17,https://gz.lianjia.com/chengjiao/GZ0002404636.html,113.559913,23.141319,1
翡翠绿洲森林半岛 3室2厅 101.17平米,16606,2017.03.17,https://gz.lianjia.com/chengjiao/GZ0002438169.html,113.565886,23.142768,1
城市家园 1室1厅 47平米,12341,2017.03.17,https://gz.lianjia.com/chengjiao/GZ0002534011.html,113.621111,23.130741,1
碧桂园凤凰城凤林苑 6室2厅 282平米,18618,2017.03.16,https://gz.lianjia.com/chengjiao/GZ0002315026.html,113.591661,23.153109,1
碧桂园凤凰城凤仪苑 3室2厅 95平米,18948,2017.03.16,https://gz.lianjia.com/chengjiao/GZ0002543088.html,113.579643,23.140134,1
东凌广场 3室2厅 97平米,20516,2017.03.15,https://gz.lianjia.com/chengjiao/GZ0002379598.html,113.601127,23.142793,1
翡翠绿洲湖滨苑 2室2厅 95平米,18422,2017.03.15,https://gz.lianjia.com/chengjiao/GZ0002459689.html,113.56082,23.140858,1
碧桂园凤凰城凤馨苑 3室2厅 97.15平米,19249,2017.03.14,https://gz.lianjia.com/chengjiao/GZ0002330365.html,113.606996,23.147009,1
翡翠绿洲森林半岛 2室2厅 91.83平米,15899,2017.03.14,https://gz.lianjia.com/chengjiao/GZ0002400603.html,113.565886,23.142768,1
碧桂园凤凰城凤妍苑 3室2厅 93.76平米,19518,2017.03.14,https://gz.lianjia.com/chengjiao/GZ0002446404.html,113.585118,23.133922,1
翡翠绿洲湖翠苑 3室2厅 99.62平米,18772,2017.03.13,https://gz.lianjia.com/chengjiao/GZ0002401522.html,113.559913,23.141319,1
城市家园 3室2厅 91.74平米,13735,2017.03.13,https://gz.lianjia.com/chengjiao/GZ0002409315.html,113.621111,23.130741,1
新都盛世名门宏城汇 2室2厅 52.76平米,20850,2017.03.13,https://gz.lianjia.com/chengjiao/GZ0002523426.html,113.605394,23.131785,1
碧桂园凤凰城凤岭苑 4室2厅 179.92平米,14173,2017.03.11,https://gz.lianjia.com/chengjiao/GZ0002509048.html,113.580882,23.14211,1
翡翠绿洲森林半岛 4室2厅 184平米,19022,2017.03.11,https://gz.lianjia.com/chengjiao/GZ0002525605.html,113.565886,23.142768,1
碧桂园凤凰城凤馨苑 3室2厅 94平米,17235,2017.03.11,https://gz.lianjia.com/chengjiao/GZ0002527496.html,113.606996,23.147009,1
翡翠绿洲森林半岛 3室2厅 132平米,14773,2017.03.09,https://gz.lianjia.com/chengjiao/GZ0002408995.html,113.565886,23.142768,1
碧桂园凤凰城凤馨苑 2室2厅 97.32平米,17982,2017.03.09,https://gz.lianjia.com/chengjiao/GZ0002418743.html,113.606996,23.147009,1
翡翠绿洲森林半岛 2室2厅 90平米,17223,2017.03.08,https://gz.lianjia.com/chengjiao/GZ0002461149.html,113.565886,23.142768,1
碧桂园凤凰城凤馨苑 2室2厅 96平米,17709,2017.03.06,https://gz.lianjia.com/chengjiao/GZ0001553587.html,113.606996,23.147009,1
翡翠绿洲森林半岛 3室2厅 124平米,19275,2017.03.06,https://gz.lianjia.com/chengjiao/GZ0002303697.html,113.565886,23.142768,1
碧桂园凤凰城凤馨苑 2室2厅 90.74平米,18295,2017.03.04,https://gz.lianjia.com/chengjiao/GZ0002394482.html,113.606996,23.147009,1
东方名都 4室2厅 166平米,16868,2017.02.28,https://gz.lianjia.com/chengjiao/GZ0001862260.html,113.599703,23.130007,1
碧桂园凤凰城凤晴苑 1室1厅 51.21平米,14334,2017.02.28,https://gz.lianjia.com/chengjiao/GZ0002121932.html,113.57893,23.132267,1
翡翠绿洲湖滨苑 3室2厅 128平米,13282,2017.02.28,https://gz.lianjia.com/chengjiao/GZ0002299289.html,113.56082,23.140858,1
碧桂园凤凰城凤锦苑 3室2厅 107平米,18972,2017.02.28,https://gz.lianjia.com/chengjiao/GZ0002304348.html,113.588626,23.159484,1
翡翠绿洲湖滨苑 3室2厅 99.12平米,17757,2017.02.28,https://gz.lianjia.com/chengjiao/GZ0002389949.html,113.56082,23.140858,1
翡翠绿洲森林半岛 2室2厅 87.77平米,15951,2017.02.28,https://gz.lianjia.com/chengjiao/GZ0002406695.html,113.565886,23.142768,1
翡翠绿洲湖翠苑 3室2厅 135.45平米,15947,2017.02.28,https://gz.lianjia.com/chengjiao/GZ0002426634.html,113.559913,23.141319,1
翡翠绿洲湖绣苑 2室2厅 95.8平米,17224,2017.02.27,https://gz.lianjia.com/chengjiao/GZ0002393371.html,113.562724,23.141489,1
碧桂园凤凰城凤馨苑 2室2厅 97.1平米,18229,2017.02.27,https://gz.lianjia.com/chengjiao/GZ0002416329.html,113.606996,23.147009,1
碧桂园凤凰城凤锦苑 3室2厅 106.91平米,17772,2017.02.26,https://gz.lianjia.com/chengjiao/GZ0002404572.html,113.588626,23.159484,1
碧桂园凤凰城凤妍苑 3室2厅 99平米,16465,2017.02.25,https://gz.lianjia.com/chengjiao/GZ0001610459.html,113.585118,23.133922,1
碧桂园凤凰城凤馨苑 2室2厅 92平米,17500,2017.02.25,https://gz.lianjia.com/chengjiao/GZ0002381952.html,113.606996,23.147009,1
翡翠绿洲森林半岛 2室2厅 88平米,15682,2017.02.25,https://gz.lianjia.com/chengjiao/GZ0002397653.html,113.565886,23.142768,1
碧桂园凤凰城凤盈苑 3室2厅 100平米,14000,2017.02.24,https://gz.lianjia.com/chengjiao/GZ0001831596.html,113.570507,23.133153,1
崇和花园 3室2厅 114平米,10308,2017.02.24,https://gz.lianjia.com/chengjiao/GZ0002122587.html,113.60333,23.17434,1
碧桂园凤凰城凤晴苑 1室1厅 52平米,14424,2017.02.23,https://gz.lianjia.com/chengjiao/GZ0002201001.html,113.57893,23.132267,1
碧桂园凤凰城凤仪苑 5室2厅 168平米,12679,2017.02.23,https://gz.lianjia.com/chengjiao/GZ0002288795.html,113.579643,23.140134,1
碧桂园凤凰城凤晴苑 2室2厅 88.08平米,17258,2017.02.23,https://gz.lianjia.com/chengjiao/GZ0002388732.html,113.57893,23.132267,1
翡翠绿洲森林半岛 4室2厅 187.88平米,13041,2017.02.22,https://gz.lianjia.com/chengjiao/GZ0002287071.html,113.565886,23.142768,1
假日花园 2室2厅 65.98平米,16672,2017.02.22,https://gz.lianjia.com/chengjiao/GZ0002332921.html,113.601679,23.132516,1
碧桂园凤凰城凤晴苑 2室2厅 80平米,17875,2017.02.21,https://gz.lianjia.com/chengjiao/GZ0002237702.html,113.57893,23.132267,1
翡翠绿洲湖翠苑 3室2厅 99平米,16617,2017.02.21,https://gz.lianjia.com/chengjiao/GZ0002331350.html,113.559913,23.141319,1
美业阁 3室2厅 92平米,7827,2017.02.21,https://gz.lianjia.com/chengjiao/GZ0002334126.html,113.618483,23.135018,1
碧桂园凤凰城凤晴苑 1室1厅 51.63平米,14527,2017.02.20,https://gz.lianjia.com/chengjiao/GZ0002403724.html,113.57893,23.132267,1
新都盛世名门宏城汇 1室1厅 37.12平米,17242,2017.02.20,https://gz.lianjia.com/chengjiao/GZ0002406909.html,113.605394,23.131785,1
翡翠绿洲湖翠苑 3室2厅 103.58平米,16896,2017.02.20,https://gz.lianjia.com/chengjiao/GZ0002410356.html,113.559913,23.141319,1
碧桂园凤凰城凤锦苑 3室2厅 106.89平米,18290,2017.02.18,https://gz.lianjia.com/chengjiao/GZ0002386355.html,113.588626,23.159484,1
翡翠绿洲森林半岛 3室2厅 89.35平米,15669,2017.02.17,https://gz.lianjia.com/chengjiao/GZ0002288644.html,113.565886,23.142768,1
翡翠绿洲森林半岛 2室2厅 74平米,14865,2017.02.17,https://gz.lianjia.com/chengjiao/GZ0002351356.html,113.565886,23.142768,1
翡翠绿洲湖绣苑 2室2厅 96.36平米,16605,2017.02.16,https://gz.lianjia.com/chengjiao/GZ0002342396.html,113.562724,23.141489,1
翡翠绿洲育才阳光苑 3室2厅 125平米,14240,2017.02.13,https://gz.lianjia.com/chengjiao/GZ0002312078.html,113.565132,23.138681,1
碧桂园凤凰城凤晴苑 2室2厅 78平米,17806,2017.02.12,https://gz.lianjia.com/chengjiao/GZ0002390955.html,113.57893,23.132267,1
翡翠绿洲湖绣苑 3室2厅 136平米,13383,2017.02.09,https://gz.lianjia.com/chengjiao/GZ0002119082.html,113.562724,23.141489,1
碧桂园凤凰城凤仪苑 3室2厅 100平米,14000,2017.02.07,https://gz.lianjia.com/chengjiao/GZ0002373100.html,113.579643,23.140134,1
东方名都 4室2厅 145平米,15090,2017.01.25,https://gz.lianjia.com/chengjiao/GZ0002334786.html,113.599703,23.130007,1
碧桂园凤凰城凤仪苑 3室2厅 99.8平米,14229,2017.01.25,https://gz.lianjia.com/chengjiao/GZ0002364770.html,113.579643,23.140134,1
碧桂园凤凰城凤馨苑 2室1厅 78平米,16154,2017.01.19,https://gz.lianjia.com/chengjiao/GZ0002346999.html,113.606996,23.147009,1
碧桂园凤凰城凤锦苑 3室2厅 108平米,16019,2017.01.18,https://gz.lianjia.com/chengjiao/GZ0002197872.html,113.588626,23.159484,1
翡翠绿洲森林半岛 4室2厅 194平米,11856,2017.01.18,https://gz.lianjia.com/chengjiao/GZ0002227120.html,113.565886,23.142768,1
碧桂园凤凰城凤妍苑 3室2厅 95平米,17369,2017.01.17,https://gz.lianjia.com/chengjiao/GZ0002328776.html,113.585118,23.133922,1
碧桂园凤凰城凤妍苑 3室2厅 95平米,16843,2017.01.17,https://gz.lianjia.com/chengjiao/GZ0002343173.html,113.585118,23.133922,1
碧桂园凤凰城凤馨苑 3室2厅 94.24平米,15387,2017.01.12,https://gz.lianjia.com/chengjiao/GZ0002331315.html,113.606996,23.147009,1
翡翠绿洲森林半岛 3室2厅 90平米,14556,2017.01.09,https://gz.lianjia.com/chengjiao/GZ0002301632.html,113.565886,23.142768,1
翡翠绿洲森林半岛 4室2厅 192平米,10678,2017.01.09,https://gz.lianjia.com/chengjiao/GZ0002331597.html,113.565886,23.142768,1
碧桂园凤凰城凤锦苑 3室2厅 106.91平米,15902,2017.01.07,https://gz.lianjia.com/chengjiao/GZ0002085726.html,113.588626,23.159484,1
新塘广场 2室2厅 92.56平米,10588,2017.01.06,https://gz.lianjia.com/chengjiao/GZ0002326876.html,113.619955,23.123148,1
碧桂园凤凰城凤妍苑 3室1厅 102平米,16667,2017.01.04,https://gz.lianjia.com/chengjiao/GZ0002170851.html,113.585118,23.133922,1
翡翠绿洲森林半岛 2室2厅 92.29平米,13545,2017.01.03,https://gz.lianjia.com/chengjiao/GZ0002279440.html,113.565886,23.142768,1
碧桂园凤凰城凤锦苑 3室2厅 123平米,17480,2017.01.02,https://gz.lianjia.com/chengjiao/GZ0002324914.html,113.588626,23.159484,1
翡翠绿洲森林半岛 2室2厅 84.97平米,15771,2016.12.27,https://gz.lianjia.com/chengjiao/GZ0002233844.html,113.565886,23.142768,1
翡翠绿洲森林半岛 4室3厅 146.13平米,13139,2016.12.27,https://gz.lianjia.com/chengjiao/GZ0002256601.html,113.565886,23.142768,1
碧桂园凤凰城凤馨苑 3室2厅 95平米,17422,2016.12.27,https://gz.lianjia.com/chengjiao/GZ0002309003.html,113.606996,23.147009,1
碧桂园凤凰城凤仪苑 3室2厅 105.3平米,14578,2016.12.26,https://gz.lianjia.com/chengjiao/GZ0002235049.html,113.579643,23.140134,1
碧桂园凤凰城凤锦苑 3室2厅 120平米,14667,2016.12.23,https://gz.lianjia.com/chengjiao/GZ0001392182.html,113.588626,23.159484,1
翡翠绿洲湖滨苑 3室2厅 137.92平米,15589,2016.12.21,https://gz.lianjia.com/chengjiao/GZ0002277551.html,113.56082,23.140858,1
碧桂园凤凰城凤妍苑 3室2厅 97平米,17526,2016.12.21,https://gz.lianjia.com/chengjiao/GZ0002304111.html,113.585118,23.133922,1
新都盛世名门世泽轩 2室2厅 76平米,16448,2016.12.20,https://gz.lianjia.com/chengjiao/GZ0002202392.html,113.606454,23.131029,1
碧桂园凤凰城凤馨苑 3室2厅 96平米,13542,2016.12.20,https://gz.lianjia.com/chengjiao/GZ0002245611.html,113.606996,23.147009,1
翡翠绿洲湖翠苑 4室2厅 253平米,12095,2016.12.20,https://gz.lianjia.com/chengjiao/GZ0002288564.html,113.559913,23.141319,1
翡翠绿洲湖滨苑 3室2厅 135.84平米,16108,2016.12.20,https://gz.lianjia.com/chengjiao/GZ0002296969.html,113.56082,23.140858,1
碧桂园凤凰城凤妍苑 3室2厅 95.09平米,17878,2016.12.19,https://gz.lianjia.com/chengjiao/GZ0002279765.html,113.585118,23.133922,1
碧桂园凤凰城凤馨苑 2室2厅 94平米,15426,2016.12.19,https://gz.lianjia.com/chengjiao/GZ0002301852.html,113.606996,23.147009,1
翡翠绿洲湖滨苑 2室2厅 94.44平米,15354,2016.12.18,https://gz.lianjia.com/chengjiao/GZ0002198220.html,113.56082,23.140858,1
碧桂园凤凰城凤盈苑 3室2厅 148.19平米,10123,2016.12.17,https://gz.lianjia.com/chengjiao/GZ0002185579.html,113.570507,23.133153,1
碧桂园凤凰城凤馨苑 2室2厅 92平米,16305,2016.12.16,https://gz.lianjia.com/chengjiao/GZ0002193008.html,113.606996,23.147009,1
翡翠绿洲森林半岛 4室2厅 210平米,9524,2016.12.16,https://gz.lianjia.com/chengjiao/GZ0002276241.html,113.565886,23.142768,1
翡翠绿洲森林半岛 2室2厅 90.02平米,13442,2016.12.15,https://gz.lianjia.com/chengjiao/GZ0002280699.html,113.565886,23.142768,1
翡翠绿洲湖翠苑 4室2厅 246.21平米,12510,2016.12.13,https://gz.lianjia.com/chengjiao/GZ0002284715.html,113.559913,23.141319,1
翡翠绿洲森林半岛 2室2厅 84平米,14048,2016.12.13,https://gz.lianjia.com/chengjiao/GZ0002291458.html,113.565886,23.142768,1
翡翠绿洲森林半岛 2室2厅 86.79平米,12905,2016.12.12,https://gz.lianjia.com/chengjiao/GZ0002290817.html,113.565886,23.142768,1
碧桂园凤凰城凤馨苑 3室2厅 97平米,16650,2016.12.12,https://gz.lianjia.com/chengjiao/GZ0001733109.html,113.606996,23.147009,1
力诚凯怡湾 3室2厅 84平米,11429,2016.12.10,https://gz.lianjia.com/chengjiao/GZ0002185888.html,113.613227,23.120776,1
翡翠绿洲森林半岛 2室2厅 86.79平米,12905,2016.12.09,https://gz.lianjia.com/chengjiao/GZ0002277549.html,113.565886,23.142768,1
碧桂园凤凰城凤馨苑 3室2厅 93平米,17742,2016.12.09,https://gz.lianjia.com/chengjiao/GZ0002287361.html,113.606996,23.147009,1
碧桂园凤凰城凤馨苑 3室2厅 92平米,15761,2016.12.07,https://gz.lianjia.com/chengjiao/GZ0002173486.html,113.606996,23.147009,1
碧桂园凤凰城凤岭苑 4室2厅 188平米,13458,2016.12.07,https://gz.lianjia.com/chengjiao/GZ0002185532.html,113.580882,23.14211,1
碧桂园凤凰城凤馨苑 3室2厅 93平米,14517,2016.12.07,https://gz.lianjia.com/chengjiao/GZ0002198798.html,113.606996,23.147009,1
碧桂园凤凰城凤馨苑 2室2厅 85平米,14118,2016.12.05,https://gz.lianjia.com/chengjiao/GZ0002276820.html,113.606996,23.147009,1
碧桂园凤凰城凤妍苑 3室2厅 95平米,17369,2016.12.03,https://gz.lianjia.com/chengjiao/GZ0002185201.html,113.585118,23.133922,1
碧桂园凤凰城凤锦苑 3室2厅 105平米,15524,2016.12.02,https://gz.lianjia.com/chengjiao/GZ0002227185.html,113.588626,23.159484,1
翡翠绿洲湖滨苑 3室2厅 94平米,14043,2016.11.27,https://gz.lianjia.com/chengjiao/GZ0002188601.html,113.56082,23.140858,1
碧桂园凤凰城凤锦苑 3室2厅 134.77平米,15397,2016.11.25,https://gz.lianjia.com/chengjiao/GZ0001996719.html,113.588626,23.159484,1
碧桂园凤凰城凤馨苑 2室2厅 96.67平米,15000,2016.11.25,https://gz.lianjia.com/chengjiao/GZ0002256714.html,113.606996,23.147009,1
翡翠绿洲森林半岛 4室2厅 192平米,10417,2016.11.23,https://gz.lianjia.com/chengjiao/GZ0002255114.html,113.565886,23.142768,1
碧桂园凤凰城凤馨苑 3室2厅 93平米,15592,2016.11.22,https://gz.lianjia.com/chengjiao/GZ0002244459.html,113.606996,23.147009,1
碧桂园凤凰城凤仪苑 3室2厅 92平米,13914,2016.11.21,https://gz.lianjia.com/chengjiao/GZ0002187080.html,113.579643,23.140134,1
碧桂园凤凰城凤锦苑 3室2厅 107平米,16356,2016.11.21,https://gz.lianjia.com/chengjiao/GZ0002231578.html,113.588626,23.159484,1
碧桂园凤凰城凤馨苑 2室2厅 92平米,15218,2016.11.20,https://gz.lianjia.com/chengjiao/GZ0002185552.html,113.606996,23.147009,1
翡翠绿洲湖滨苑 4室2厅 96平米,10417,2016.11.20,https://gz.lianjia.com/chengjiao/GZ0002226564.html,113.56082,23.140858,1
翡翠绿洲湖滨苑 4室2厅 68平米,21030,2016.11.20,https://gz.lianjia.com/chengjiao/GZ0002226573.html,113.56082,23.140858,1
翡翠绿洲森林半岛 2室2厅 93平米,12474,2016.11.19,https://gz.lianjia.com/chengjiao/GZ0001970478.html,113.565886,23.142768,1
碧桂园凤凰城凤锦苑 3室2厅 107平米,16309,2016.11.18,https://gz.lianjia.com/chengjiao/GZ0002185660.html,113.588626,23.159484,1
碧桂园凤凰城凤晴苑 1室1厅 50平米,12600,2016.11.18,https://gz.lianjia.com/chengjiao/GZ0001702870.html,113.57893,23.132267,1
碧桂园凤凰城凤妍苑 2室2厅 102平米,13040,2016.11.16,https://gz.lianjia.com/chengjiao/GZ0001694303.html,113.585118,23.133922,1
翡翠绿洲森林半岛 3室2厅 102.58平米,13161,2016.11.15,https://gz.lianjia.com/chengjiao/GZ0002196379.html,113.565886,23.142768,1
碧桂园凤凰城凤馨苑 2室2厅 85平米,15059,2016.11.14,https://gz.lianjia.com/chengjiao/GZ0002237269.html,113.606996,23.147009,1
碧桂园凤凰城凤仪苑 3室2厅 91.58平米,14196,2016.11.13,https://gz.lianjia.com/chengjiao/GZ0002192128.html,113.579643,23.140134,1
翡翠绿洲森林半岛 2室2厅 93平米,12635,2016.11.10,https://gz.lianjia.com/chengjiao/GZ0002184918.html,113.565886,23.142768,1
合生湖山国际山倚轩 4室2厅 213平米,10793,2016.11.10,https://gz.lianjia.com/chengjiao/GZ0001695966.html,113.568779,23.137335,1
碧桂园凤凰城凤锦苑 4室2厅 136平米,16398,2016.11.09,https://gz.lianjia.com/chengjiao/GZ0002185518.html,113.588626,23.159484,1
碧桂园凤凰城凤馨苑 3室2厅 92.53平米,13780,2016.11.08,https://gz.lianjia.com/chengjiao/GZ0002134250.html,113.606996,23.147009,1
翡翠绿洲森林半岛 2室2厅 93.82平米,12738,2016.11.08,https://gz.lianjia.com/chengjiao/GZ0002184978.html,113.565886,23.142768,1
翡翠绿洲森林半岛 3室2厅 135平米,14075,2016.11.05,https://gz.lianjia.com/chengjiao/GZ0002185646.html,113.565886,23.142768,1
翡翠绿洲森林半岛 3室2厅 101.26平米,13194,2016.10.31,https://gz.lianjia.com/chengjiao/GZ0002141176.html,113.565886,23.142768,1
碧桂园凤凰城凤仪苑 2室2厅 78平米,13590,2016.10.31,https://gz.lianjia.com/chengjiao/GZ0002164141.html,113.579643,23.140134,1
翡翠绿洲森林半岛 4室2厅 210平米,8810,2016.10.30,https://gz.lianjia.com/chengjiao/GZ0001384925.html,113.565886,23.142768,1
碧桂园凤凰城凤天苑 3室2厅 106平米,15661,2016.10.25,https://gz.lianjia.com/chengjiao/GZ0002069301.html,113.590314,23.152997,1
翡翠绿洲森林半岛 2室2厅 93平米,13441,2016.10.24,https://gz.lianjia.com/chengjiao/GZ0002050424.html,113.565886,23.142768,1
碧桂园凤凰城凤仪苑 3室2厅 105平米,13334,2016.10.23,https://gz.lianjia.com/chengjiao/GZ0002099604.html,113.579643,23.140134,1
碧桂园凤凰城凤妍苑 3室2厅 99.52平米,13867,2016.10.23,https://gz.lianjia.com/chengjiao/GZ0002119965.html,113.585118,23.133922,1
碧桂园凤凰城凤馨苑 2室2厅 85平米,13177,2016.10.22,https://gz.lianjia.com/chengjiao/GZ0001972453.html,113.606996,23.147009,1
碧桂园凤凰城凤妍苑 3室2厅 99平米,16061,2016.10.21,https://gz.lianjia.com/chengjiao/GZ0002135672.html,113.585118,23.133922,1
翡翠绿洲湖滨苑 2室2厅 95平米,13685,2016.10.21,https://gz.lianjia.com/chengjiao/GZ0001711306.html,113.56082,23.140858,1
翡翠绿洲森林半岛 4室2厅 166.45平米,11498,2016.10.19,https://gz.lianjia.com/chengjiao/GZ0001895681.html,113.565886,23.142768,1
碧桂园凤凰城凤馨苑 3室2厅 95平米,15264,2016.10.18,https://gz.lianjia.com/chengjiao/GZ0002050093.html,113.606996,23.147009,1
碧桂园凤凰城凤馨苑 3室2厅 101平米,14852,2016.10.18,https://gz.lianjia.com/chengjiao/GZ0002121115.html,113.606996,23.147009,1
翡翠绿洲森林半岛 2室2厅 88平米,11932,2016.10.16,https://gz.lianjia.com/chengjiao/GZ0002090033.html,113.565886,23.142768,1
碧桂园凤凰城凤馨苑 3室2厅 97平米,13196,2016.10.16,https://gz.lianjia.com/chengjiao/GZ0002090228.html,113.606996,23.147009,1
碧桂园凤凰城凤馨苑 2室2厅 92平米,15761,2016.10.16,https://gz.lianjia.com/chengjiao/GZ0001677353.html,113.606996,23.147009,1
翡翠绿洲森林半岛 2室2厅 93平米,10753,2016.10.15,https://gz.lianjia.com/chengjiao/GZ0001996001.html,113.565886,23.142768,1
翡翠绿洲森林半岛 3室2厅 106平米,12265,2016.10.14,https://gz.lianjia.com/chengjiao/GZ0001965801.html,113.565886,23.142768,1
翡翠绿洲森林半岛 3室2厅 106平米,11793,2016.10.14,https://gz.lianjia.com/chengjiao/GZ0002087998.html,113.565886,23.142768,1
碧桂园凤凰城凤馨苑 2室1厅 85平米,14706,2016.10.12,https://gz.lianjia.com/chengjiao/GZ0002090298.html,113.606996,23.147009,1
碧桂园凤凰城凤馨苑 2室1厅 85平米,14706,2016.10.12,https://gz.lianjia.com/chengjiao/GZ0002090298.html,113.606996,23.147009,1
翡翠绿洲森林半岛 2室2厅 87平米,12529,2016.10.08,https://gz.lianjia.com/chengjiao/GZ0002085202.html,113.565886,23.142768,1
碧桂园凤凰城凤仪苑 3室2厅 105平米,12858,2016.10.07,https://gz.lianjia.com/chengjiao/GZ0001856524.html,113.579643,23.140134,1
碧桂园凤凰城凤馨苑 3室2厅 97平米,14330,2016.10.07,https://gz.lianjia.com/chengjiao/GZ0001946280.html,113.606996,23.147009,1
翡翠绿洲森林半岛 3室2厅 106平米,10850,2016.10.06,https://gz.lianjia.com/chengjiao/GZ0002002305.html,113.565886,23.142768,1
碧桂园凤凰城凤妍苑 2室2厅 104平米,14039,2016.10.06,https://gz.lianjia.com/chengjiao/GZ0001637125.html,113.585118,23.133922,1
翡翠绿洲森林半岛 2室2厅 88平米,13296,2016.10.06,https://gz.lianjia.com/chengjiao/GZ0001739415.html,113.565886,23.142768,1
碧桂园凤凰城凤锦苑 3室2厅 136平米,16912,2016.10.05,https://gz.lianjia.com/chengjiao/GZ0001806185.html,113.588626,23.159484,1
碧桂园凤凰城凤妍苑 3室2厅 94平米,15426,2016.10.04,https://gz.lianjia.com/chengjiao/GZ0001990255.html,113.585118,23.133922,1
碧桂园凤凰城凤馨苑 3室2厅 97平米,15464,2016.10.04,https://gz.lianjia.com/chengjiao/GZ0002047820.html,113.606996,23.147009,1
碧桂园凤凰城凤馨苑 3室2厅 93平米,15968,2016.10.04,https://gz.lianjia.com/chengjiao/GZ0002076113.html,113.606996,23.147009,1
碧桂园凤凰城凤锦苑 3室2厅 106平米,16510,2016.10.03,https://gz.lianjia.com/chengjiao/GZ0001918177.html,113.588626,23.159484,1
翡翠绿洲湖翠苑 4室2厅 95平米,18948,2016.10.02,https://gz.lianjia.com/chengjiao/GZ0001968748.html,113.559913,23.141319,1
翡翠绿洲森林半岛 3室2厅 92平米,12827,2016.10.02,https://gz.lianjia.com/chengjiao/GZ0001714396.html,113.565886,23.142768,1
翡翠绿洲森林半岛 3室2厅 123.66平米,14395,2016.10.02,https://gz.lianjia.com/chengjiao/GZ0001865006.html,113.565886,23.142768,1
碧桂园凤凰城凤馨苑 2室2厅 85.76平米,11544,2016.09.30,https://gz.lianjia.com/chengjiao/GZ0001523310.html,113.606996,23.147009,1
碧桂园凤凰城凤天苑 3室2厅 105平米,14858,2016.09.30,https://gz.lianjia.com/chengjiao/GZ0001972372.html,113.590314,23.152997,1
碧桂园凤凰城凤锦苑 3室2厅 135平米,12593,2016.09.29,https://gz.lianjia.com/chengjiao/GZ0001796974.html,113.588626,23.159484,1
碧桂园凤凰城凤锦苑 3室2厅 136平米,13309,2016.09.29,https://gz.lianjia.com/chengjiao/GZ0001875349.html,113.588626,23.159484,1
碧桂园凤凰城凤妍苑 2室2厅 80平米,15875,2016.09.29,https://gz.lianjia.com/chengjiao/GZ0001914227.html,113.585118,23.133922,1
新都盛世名门宏城汇 2室1厅 50平米,14000,2016.09.28,https://gz.lianjia.com/chengjiao/GZ0002054901.html,113.605394,23.131785,1
碧桂园凤凰城凤天苑 5室2厅 260平米,13462,2016.09.28,https://gz.lianjia.com/chengjiao/GZ0001870338.html,113.590314,23.152997,1
翡翠绿洲森林半岛 3室2厅 106平米,8963,2016.09.27,https://gz.lianjia.com/chengjiao/GZ0001516232.html,113.565886,23.142768,1
碧桂园凤凰城凤晴苑 4室2厅 140平米,13215,2016.09.27,https://gz.lianjia.com/chengjiao/GZ0002005673.html,113.57893,23.132267,1
翡翠绿洲森林半岛 2室2厅 74平米,12163,2016.09.27,https://gz.lianjia.com/chengjiao/GZ0002006999.html,113.565886,23.142768,1
碧桂园凤凰城凤妍苑 3室2厅 95平米,15264,2016.09.27,https://gz.lianjia.com/chengjiao/GZ0001603637.html,113.585118,23.133922,1
碧桂园凤凰城凤妍苑 2室2厅 104平米,13462,2016.09.26,https://gz.lianjia.com/chengjiao/GZ0001998203.html,113.585118,23.133922,1
翡翠绿洲湖绣苑 2室2厅 94平米,13298,2016.09.26,https://gz.lianjia.com/chengjiao/GZ0001751819.html,113.562724,23.141489,1
翡翠绿洲森林半岛 2室2厅 88.9平米,11812,2016.09.26,https://gz.lianjia.com/chengjiao/GZ0001944890.html,113.565886,23.142768,1
碧桂园凤凰城凤锦苑 3室2厅 122平米,12755,2016.09.24,https://gz.lianjia.com/chengjiao/GZ0001967919.html,113.588626,23.159484,1
翡翠绿洲森林半岛 2室2厅 88平米,11364,2016.09.23,https://gz.lianjia.com/chengjiao/GZ0001976172.html,113.565886,23.142768,1
碧桂园凤凰城凤扬苑 4室2厅 220平米,19546,2016.09.23,https://gz.lianjia.com/chengjiao/GZ0001768021.html,113.589512,23.162656,1
碧桂园凤凰城凤锦苑 3室2厅 123平米,16261,2016.09.22,https://gz.lianjia.com/chengjiao/GZ0001996220.html,113.588626,23.159484,1
翡翠绿洲森林半岛 5室2厅 188平米,10000,2016.09.21,https://gz.lianjia.com/chengjiao/GZ0001971731.html,113.565886,23.142768,1
碧桂园凤凰城凤妍苑 3室2厅 99平米,16667,2016.09.21,https://gz.lianjia.com/chengjiao/GZ0001990744.html,113.585118,23.133922,1
碧桂园凤凰城凤馨苑 3室2厅 95平米,13158,2016.09.21,https://gz.lianjia.com/chengjiao/GZ0002003873.html,113.606996,23.147009,1
碧桂园凤凰城凤馨苑 2室2厅 85平米,14118,2016.09.20,https://gz.lianjia.com/chengjiao/GZ0001993848.html,113.606996,23.147009,1
翡翠绿洲森林半岛 2室2厅 73.92平米,11499,2016.09.20,https://gz.lianjia.com/chengjiao/GZ0001999153.html,113.565886,23.142768,1
碧桂园凤凰城凤妍苑 3室2厅 100平米,15500,2016.09.20,https://gz.lianjia.com/chengjiao/GZ0001599968.html,113.585118,23.133922,1
碧桂园凤凰城凤锦苑 3室2厅 107.36平米,14624,2016.09.19,https://gz.lianjia.com/chengjiao/GZ0001967134.html,113.588626,23.159484,1
翡翠绿洲育才阳光苑 2室2厅 91平米,10550,2016.09.18,https://gz.lianjia.com/chengjiao/GZ0001356643.html,113.565132,23.138681,1
合生湖山国际山倚轩 4室2厅 212平米,13114,2016.09.18,https://gz.lianjia.com/chengjiao/GZ0001569341.html,113.568779,23.137335,1
碧桂园凤凰城凤锦苑 3室2厅 134.38平米,15628,2016.09.18,https://gz.lianjia.com/chengjiao/GZ0001932394.html,113.588626,23.159484,1
碧桂园凤凰城凤锦苑 3室2厅 106平米,13019,2016.09.16,https://gz.lianjia.com/chengjiao/GZ0001996673.html,113.588626,23.159484,1
碧桂园凤凰城凤天苑 3室2厅 135平米,13334,2016.09.16,https://gz.lianjia.com/chengjiao/GZ0001694549.html,113.590314,23.152997,1
碧桂园凤凰城凤妍苑 3室2厅 94.17平米,14761,2016.09.16,https://gz.lianjia.com/chengjiao/GZ0001784774.html,113.585118,23.133922,1
翡翠绿洲森林半岛 3室2厅 93平米,11291,2016.09.15,https://gz.lianjia.com/chengjiao/GZ0001858904.html,113.565886,23.142768,1
翡翠绿洲森林半岛 3室2厅 106平米,10850,2016.09.15,https://gz.lianjia.com/chengjiao/GZ0001910431.html,113.565886,23.142768,1
碧桂园凤凰城凤馨苑 3室2厅 95平米,12211,2016.09.14,https://gz.lianjia.com/chengjiao/GZ0001755863.html,113.606996,23.147009,1
碧桂园凤凰城凤锦苑 3室2厅 120.97平米,13640,2016.09.14,https://gz.lianjia.com/chengjiao/GZ0001792267.html,113.588626,23.159484,1
碧桂园凤凰城凤天苑 3室2厅 105平米,12858,2016.09.12,https://gz.lianjia.com/chengjiao/GZ0001278119.html,113.590314,23.152997,1
翡翠绿洲育才阳光苑 3室2厅 95平米,12106,2016.09.12,https://gz.lianjia.com/chengjiao/GZ0001994826.html,113.565132,23.138681,1
翡翠绿洲湖滨苑 2室2厅 103平米,13010,2016.09.12,https://gz.lianjia.com/chengjiao/GZ0001996297.html,113.56082,23.140858,1
翡翠绿洲森林半岛 2室2厅 74平米,11757,2016.09.12,https://gz.lianjia.com/chengjiao/GZ0001783759.html,113.565886,23.142768,1
翡翠绿洲森林半岛 3室2厅 115平米,11566,2016.09.12,https://gz.lianjia.com/chengjiao/GZ0001815627.html,113.565886,23.142768,1
碧桂园凤凰城凤妍苑 3室2厅 99平米,12627,2016.09.12,https://gz.lianjia.com/chengjiao/GZ0001831852.html,113.585118,23.133922,1
翡翠绿洲森林半岛 2室2厅 90平米,11029,2016.09.12,https://gz.lianjia.com/chengjiao/GZ0001861441.html,113.565886,23.142768,1
翡翠绿洲森林半岛 2室2厅 74平米,13379,2016.09.12,https://gz.lianjia.com/chengjiao/GZ0001893527.html,113.565886,23.142768,1
碧桂园凤凰城凤馨苑 2室2厅 96平米,13334,2016.09.12,https://gz.lianjia.com/chengjiao/GZ0001960668.html,113.606996,23.147009,1
翡翠绿洲森林半岛 2室2厅 93平米,10538,2016.09.12,https://gz.lianjia.com/chengjiao/GZ0001963149.html,113.565886,23.142768,1
碧桂园凤凰城凤馨苑 2室2厅 98平米,13266,2016.09.10,https://gz.lianjia.com/chengjiao/GZ0001990645.html,113.606996,23.147009,1
碧桂园凤凰城凤天苑 3室2厅 135平米,14060,2016.09.09,https://gz.lianjia.com/chengjiao/GZ0001871050.html,113.590314,23.152997,1
碧桂园凤凰城凤妍苑 3室2厅 95平米,13632,2016.09.07,https://gz.lianjia.com/chengjiao/GZ0001277943.html,113.585118,23.133922,1
翡翠绿洲森林半岛 3室2厅 128平米,10391,2016.09.06,https://gz.lianjia.com/chengjiao/GZ0001282667.html,113.565886,23.142768,1
碧桂园凤凰城凤馨苑 3室2厅 93平米,13656,2016.09.06,https://gz.lianjia.com/chengjiao/GZ0001553943.html,113.606996,23.147009,1
碧桂园凤凰城凤锦苑 3室2厅 122平米,13033,2016.09.06,https://gz.lianjia.com/chengjiao/GZ0001637126.html,113.588626,23.159484,1
碧桂园凤凰城凤馨苑 2室2厅 91平米,13187,2016.09.06,https://gz.lianjia.com/chengjiao/GZ0001819919.html,113.606996,23.147009,1
翡翠绿洲湖滨苑 2室2厅 95平米,11769,2016.09.05,https://gz.lianjia.com/chengjiao/GZ0001492149.html,113.56082,23.140858,1
碧桂园凤凰城凤馨苑 2室2厅 92平米,12827,2016.09.02,https://gz.lianjia.com/chengjiao/GZ0001697874.html,113.606996,23.147009,1
碧桂园凤凰城凤馨苑 3室2厅 97平米,15856,2016.08.31,https://gz.lianjia.com/chengjiao/GZ0001668600.html,113.606996,23.147009,1
碧桂园凤凰城凤馨苑 3室2厅 93平米,13441,2016.08.30,https://gz.lianjia.com/chengjiao/GZ0001868802.html,113.606996,23.147009,1
碧桂园凤凰城凤馨苑 3室2厅 98平米,11735,2016.08.29,https://gz.lianjia.com/chengjiao/GZ0001310016.html,113.606996,23.147009,1
翡翠绿洲森林半岛 3室2厅 106平米,10567,2016.08.29,https://gz.lianjia.com/chengjiao/GZ0001747645.html,113.565886,23.142768,1
碧桂园凤凰城凤馨苑 3室2厅 95平米,11369,2016.08.29,https://gz.lianjia.com/chengjiao/GZ0001809267.html,113.606996,23.147009,1
翡翠绿洲森林半岛 2室2厅 101平米,9238,2016.08.29,https://gz.lianjia.com/chengjiao/GZ0001885661.html,113.565886,23.142768,1
翡翠绿洲森林半岛 2室2厅 89平米,9965,2016.08.28,https://gz.lianjia.com/chengjiao/GZ0001533610.html,113.565886,23.142768,1
碧桂园凤凰城凤锦苑 3室2厅 122平米,12869,2016.08.28,https://gz.lianjia.com/chengjiao/GZ0001621792.html,113.588626,23.159484,1
碧桂园凤凰城凤妍苑 3室2厅 99.7平米,13541,2016.08.28,https://gz.lianjia.com/chengjiao/GZ0001877505.html,113.585118,23.133922,1
碧桂园凤凰城凤仪苑 3室2厅 95平米,15948,2016.08.28,https://gz.lianjia.com/chengjiao/GZ0001935912.html,113.579643,23.140134,1
碧桂园凤凰城凤妍苑 3室2厅 95平米,13158,2016.08.26,https://gz.lianjia.com/chengjiao/GZ0001477299.html,113.585118,23.133922,1
碧桂园凤凰城凤妍苑 3室2厅 100.48平米,13735,2016.08.25,https://gz.lianjia.com/chengjiao/GZ0001935777.html,113.585118,23.133922,1
碧桂园凤凰城凤仪苑 3室2厅 99平米,11920,2016.08.23,https://gz.lianjia.com/chengjiao/GZ0001873697.html,113.579643,23.140134,1
翡翠绿洲森林半岛 3室2厅 123平米,12196,2016.08.22,https://gz.lianjia.com/chengjiao/GZ0001793755.html,113.565886,23.142768,1
翡翠绿洲湖滨苑 3室2厅 136平米,11765,2016.08.22,https://gz.lianjia.com/chengjiao/GZ0001873329.html,113.56082,23.140858,1
碧桂园凤凰城凤馨苑 3室2厅 93平米,11775,2016.08.16,https://gz.lianjia.com/chengjiao/GZ0001787511.html,113.606996,23.147009,1
碧桂园凤凰城凤馨苑 2室2厅 85平米,12000,2016.08.15,https://gz.lianjia.com/chengjiao/GZ0001714156.html,113.606996,23.147009,1
碧桂园凤凰城凤仪苑 2室2厅 78平米,12565,2016.08.15,https://gz.lianjia.com/chengjiao/GZ0001897529.html,113.579643,23.140134,1
碧桂园凤凰城凤仪苑 3室2厅 105平米,12191,2016.08.14,https://gz.lianjia.com/chengjiao/GZ0001488442.html,113.579643,23.140134,1
碧桂园凤凰城凤馨苑 3室2厅 97平米,13403,2016.08.14,https://gz.lianjia.com/chengjiao/GZ0001852438.html,113.606996,23.147009,1
碧桂园凤凰城凤仪苑 3室2厅 100平米,14000,2016.08.12,https://gz.lianjia.com/chengjiao/GZ0001588596.html,113.579643,23.140134,1
碧桂园凤凰城凤仪苑 3室1厅 100平米,12200,2016.08.12,https://gz.lianjia.com/chengjiao/GZ0001894606.html,113.579643,23.140134,1
翡翠绿洲森林半岛 4室2厅 190平米,8764,2016.08.04,https://gz.lianjia.com/chengjiao/GZ0001388101.html,113.565886,23.142768,1
金泽豪庭 3室2厅 126平米,10000,2016.08.04,https://gz.lianjia.com/chengjiao/GZ0001521160.html,113.59598,23.129459,1
碧桂园凤凰城凤仪苑 3室2厅 99.27平米,12089,2016.08.03,https://gz.lianjia.com/chengjiao/GZ0001485052.html,113.579643,23.140134,1
翡翠绿洲森林半岛 3室2厅 90平米,11667,2016.08.03,https://gz.lianjia.com/chengjiao/GZ0001872539.html,113.565886,23.142768,1
汇东国际花园 2室2厅 89平米,10967,2016.07.31,https://gz.lianjia.com/chengjiao/GZ0001366041.html,113.590787,23.125953,1
碧桂园凤凰城凤锦苑 3室2厅 120.98平米,12069,2016.07.31,https://gz.lianjia.com/chengjiao/GZ0001696769.html,113.588626,23.159484,1
翡翠绿洲育才阳光苑 3室2厅 123平米,11748,2016.07.31,https://gz.lianjia.com/chengjiao/GZ0001782843.html,113.565132,23.138681,1
翡翠绿洲森林半岛 3室2厅 91平米,10660,2016.07.31,https://gz.lianjia.com/chengjiao/GZ0001870527.html,113.565886,23.142768,1
碧桂园凤凰城凤锦苑 3室2厅 107.3平米,12582,2016.07.30,https://gz.lianjia.com/chengjiao/GZ0001284443.html,113.588626,23.159484,1
碧桂园凤凰城凤馨苑 3室2厅 97平米,15258,2016.07.29,https://gz.lianjia.com/chengjiao/GZ0001505159.html,113.606996,23.147009,1
碧桂园凤凰城凤妍苑 3室2厅 99平米,12324,2016.07.29,https://gz.lianjia.com/chengjiao/GZ0001660482.html,113.585118,23.133922,1
翡翠绿洲森林半岛 2室2厅 93平米,9570,2016.07.29,https://gz.lianjia.com/chengjiao/GZ0001686984.html,113.565886,23.142768,1
翡翠绿洲森林半岛 4室2厅 192平米,8855,2016.07.27,https://gz.lianjia.com/chengjiao/GZ0001362034.html,113.565886,23.142768,1
翡翠绿洲湖翠苑 3室2厅 103平米,11651,2016.07.27,https://gz.lianjia.com/chengjiao/GZ0001564306.html,113.559913,23.141319,1
碧桂园凤凰城凤馨苑 3室2厅 98.08平米,13153,2016.07.27,https://gz.lianjia.com/chengjiao/GZ0001868274.html,113.606996,23.147009,1
翡翠绿洲森林半岛 2室2厅 104平米,9808,2016.07.26,https://gz.lianjia.com/chengjiao/GZ0001629059.html,113.565886,23.142768,1
翡翠绿洲育才阳光苑 2室2厅 91平米,10440,2016.07.24,https://gz.lianjia.com/chengjiao/GZ0001281578.html,113.565132,23.138681,1
碧桂园凤凰城凤馨苑 3室2厅 97平米,14433,2016.07.21,https://gz.lianjia.com/chengjiao/GZ0001861595.html,113.606996,23.147009,1
翡翠绿洲森林半岛 2室2厅 88平米,10455,2016.07.19,https://gz.lianjia.com/chengjiao/GZ0001280995.html,113.565886,23.142768,1
碧桂园凤凰城凤馨苑 3室2厅 97平米,13042,2016.07.18,https://gz.lianjia.com/chengjiao/GZ0001553714.html,113.606996,23.147009,1
碧桂园凤凰城凤妍苑 3室2厅 94平米,13298,2016.07.18,https://gz.lianjia.com/chengjiao/GZ0001636546.html,113.585118,23.133922,1
碧桂园凤凰城凤天苑 3室2厅 135平米,14000,2016.07.18,https://gz.lianjia.com/chengjiao/GZ0001736358.html,113.590314,23.152997,1
翡翠绿洲湖翠苑 3室2厅 135平米,10075,2016.07.17,https://gz.lianjia.com/chengjiao/GZ0001489516.html,113.559913,23.141319,1
翡翠绿洲湖滨苑 3室2厅 138平米,11595,2016.07.13,https://gz.lianjia.com/chengjiao/GZ0001721342.html,113.56082,23.140858,1
翡翠绿洲森林半岛 2室2厅 89.79平米,11138,2016.07.13,https://gz.lianjia.com/chengjiao/GZ0001721344.html,113.565886,23.142768,1
翡翠绿洲森林半岛 3室2厅 102平米,9216,2016.07.12,https://gz.lianjia.com/chengjiao/GZ0001758877.html,113.565886,23.142768,1
碧桂园凤凰城凤锦苑 3室2厅 118平米,10831,2016.07.10,https://gz.lianjia.com/chengjiao/GZ0001564304.html,113.588626,23.159484,1
翡翠绿洲育才阳光苑 3室2厅 124平米,10484,2016.07.06,https://gz.lianjia.com/chengjiao/GZ0001280743.html,113.565132,23.138681,1
翡翠绿洲森林半岛 3室2厅 102平米,9295,2016.07.04,https://gz.lianjia.com/chengjiao/GZ0001280684.html,113.565886,23.142768,1
翡翠绿洲森林半岛 3室2厅 101平米,10595,2016.07.04,https://gz.lianjia.com/chengjiao/GZ0001788447.html,113.565886,23.142768,1
翡翠绿洲森林半岛 2室2厅 88平米,11364,2016.07.03,https://gz.lianjia.com/chengjiao/GZ0001662466.html,113.565886,23.142768,1
翡翠绿洲森林半岛 3室2厅 106平米,9812,2016.07.01,https://gz.lianjia.com/chengjiao/GZ0001384627.html,113.565886,23.142768,1
翡翠绿洲森林半岛 3室2厅 135.9平米,11332,2016.07.01,https://gz.lianjia.com/chengjiao/GZ0001755432.html,113.565886,23.142768,1
碧桂园凤凰城凤妍苑 3室2厅 99平米,14142,2016.06.30,https://gz.lianjia.com/chengjiao/GZ0001636864.html,113.585118,23.133922,1
碧桂园凤凰城凤锦苑 3室2厅 123.26平米,12576,2016.06.29,https://gz.lianjia.com/chengjiao/GZ0001737778.html,113.588626,23.159484,1
翡翠绿洲森林半岛 2室2厅 74平米,10109,2016.06.29,https://gz.lianjia.com/chengjiao/GZ0001782474.html,113.565886,23.142768,1
翡翠绿洲森林半岛 2室2厅 87.38平米,11788,2016.06.28,https://gz.lianjia.com/chengjiao/GZ0001532054.html,113.565886,23.142768,1
汇东国际花园 1室1厅 43平米,9303,2016.06.28,https://gz.lianjia.com/chengjiao/GZ0001704603.html,113.590787,23.125953,1
碧桂园凤凰城凤馨苑 3室2厅 97平米,14330,2016.06.27,https://gz.lianjia.com/chengjiao/GZ0001614773.html,113.606996,23.147009,1
碧桂园凤凰城凤仪苑 2室2厅 78平米,11154,2016.06.27,https://gz.lianjia.com/chengjiao/GZ0001726336.html,113.579643,23.140134,1
翡翠绿洲湖翠苑 3室2厅 134.5平米,11227,2016.06.27,https://gz.lianjia.com/chengjiao/GZ0001774670.html,113.559913,23.141319,1
碧桂园凤凰城凤馨苑 3室2厅 98平米,13215,2016.06.27,https://gz.lianjia.com/chengjiao/GZ0001229438.html,113.606996,23.147009,1
碧桂园凤凰城凤馨苑 3室2厅 98平米,10592,2016.06.22,https://gz.lianjia.com/chengjiao/GZ0001656775.html,113.606996,23.147009,1
翡翠绿洲森林半岛 3室2厅 136平米,11177,2016.06.22,https://gz.lianjia.com/chengjiao/GZ0001690595.html,113.565886,23.142768,1
翡翠绿洲森林半岛 3室2厅 104平米,9404,2016.06.20,https://gz.lianjia.com/chengjiao/GZ0001280748.html,113.565886,23.142768,1
翡翠绿洲湖翠苑 4室2厅 247平米,9899,2016.06.20,https://gz.lianjia.com/chengjiao/GZ0001610682.html,113.559913,23.141319,1
碧桂园凤凰城凤妍苑 2室2厅 105平米,12762,2016.06.16,https://gz.lianjia.com/chengjiao/GZ0001229572.html,113.585118,23.133922,1
碧桂园凤凰城凤馨苑 3室2厅 95平米,12211,2016.06.13,https://gz.lianjia.com/chengjiao/GZ0001620469.html,113.606996,23.147009,1
碧桂园凤凰城凤馨苑 3室2厅 93平米,12366,2016.06.13,https://gz.lianjia.com/chengjiao/GZ0001753210.html,113.606996,23.147009,1
碧桂园凤凰城凤馨苑 3室2厅 99平米,11061,2016.06.11,https://gz.lianjia.com/chengjiao/GZ0001587776.html,113.606996,23.147009,1
碧桂园凤凰城凤馨苑 2室2厅 104平米,11539,2016.06.10,https://gz.lianjia.com/chengjiao/GZ0001737012.html,113.606996,23.147009,1
碧桂园凤凰城凤锦苑 3室2厅 105.9平米,12560,2016.06.07,https://gz.lianjia.com/chengjiao/GZ0001656732.html,113.588626,23.159484,1
碧桂园凤凰城凤馨苑 2室2厅 98平米,13368,2016.06.06,https://gz.lianjia.com/chengjiao/GZ0001600580.html,113.606996,23.147009,1
翡翠绿洲湖滨苑 2室2厅 94平米,10426,2016.06.04,https://gz.lianjia.com/chengjiao/GZ0001487402.html,113.56082,23.140858,1
翡翠绿洲森林半岛 3室2厅 105平米,8953,2016.06.02,https://gz.lianjia.com/chengjiao/GZ0001371222.html,113.565886,23.142768,1
翡翠绿洲森林半岛 3室2厅 138.5平米,10470,2016.05.31,https://gz.lianjia.com/chengjiao/GZ0001561350.html,113.565886,23.142768,1
碧桂园凤凰城凤锦苑 3室2厅 122平米,12033,2016.05.31,https://gz.lianjia.com/chengjiao/GZ0001651784.html,113.588626,23.159484,1
碧桂园凤凰城凤馨苑 3室2厅 95.54平米,12037,2016.05.31,https://gz.lianjia.com/chengjiao/GZ0001671721.html,113.606996,23.147009,1
碧桂园凤凰城凤馨苑 2室2厅 105平米,11239,2016.05.30,https://gz.lianjia.com/chengjiao/GZ0001365827.html,113.606996,23.147009,1
碧桂园凤凰城凤晴苑 1室1厅 50平米,10760,2016.05.30,https://gz.lianjia.com/chengjiao/GZ0001548918.html,113.57893,23.132267,1
翡翠绿洲森林半岛 3室2厅 102.68平米,11395,2016.05.28,https://gz.lianjia.com/chengjiao/GZ0001516217.html,113.565886,23.142768,1
碧桂园凤凰城凤馨苑 3室2厅 95平米,11158,2016.05.27,https://gz.lianjia.com/chengjiao/GZ0001364661.html,113.606996,23.147009,1
碧桂园凤凰城凤馨苑 3室2厅 97平米,12248,2016.05.27,https://gz.lianjia.com/chengjiao/GZ0001519926.html,113.606996,23.147009,1
翡翠绿洲森林半岛 2室2厅 90平米,10667,2016.05.26,https://gz.lianjia.com/chengjiao/GZ0001280334.html,113.565886,23.142768,1
碧桂园凤凰城凤妍苑 3室2厅 94.43平米,12920,2016.05.25,https://gz.lianjia.com/chengjiao/GZ0001604563.html,113.585118,23.133922,1
碧桂园凤凰城凤馨苑 3室2厅 97平米,12165,2016.05.24,https://gz.lianjia.com/chengjiao/GZ0001532860.html,113.606996,23.147009,1
翡翠绿洲湖滨苑 2室2厅 94平米,11277,2016.05.24,https://gz.lianjia.com/chengjiao/GZ0001669870.html,113.56082,23.140858,1
翡翠绿洲湖滨苑 3室2厅 136平米,10515,2016.05.22,https://gz.lianjia.com/chengjiao/GZ0001494029.html,113.56082,23.140858,1
翡翠绿洲森林半岛 3室2厅 127.9平米,10399,2016.05.22,https://gz.lianjia.com/chengjiao/GZ0001608583.html,113.565886,23.142768,1
翡翠绿洲育才阳光苑 2室2厅 90.15平米,10206,2016.05.18,https://gz.lianjia.com/chengjiao/GZ0001669813.html,113.565132,23.138681,1
翡翠绿洲森林半岛 2室2厅 93平米,10000,2016.05.17,https://gz.lianjia.com/chengjiao/GZ0001561828.html,113.565886,23.142768,1
碧桂园凤凰城凤锦苑 3室2厅 107平米,11215,2016.05.17,https://gz.lianjia.com/chengjiao/GZ0001615595.html,113.588626,23.159484,1
翡翠绿洲湖滨苑 2室2厅 93平米,9925,2016.05.16,https://gz.lianjia.com/chengjiao/GZ0001383959.html,113.56082,23.140858,1
翡翠绿洲育才阳光苑 4室2厅 160平米,5000,2016.05.16,https://gz.lianjia.com/chengjiao/GZ0001554175.html,113.565132,23.138681,1
碧桂园凤凰城凤妍苑 3室2厅 95平米,13685,2016.05.12,https://gz.lianjia.com/chengjiao/GZ0001519759.html,113.585118,23.133922,1
翡翠绿洲森林半岛 2室2厅 87.38平米,11101,2016.05.12,https://gz.lianjia.com/chengjiao/GZ0001287450.html,113.565886,23.142768,1
翡翠绿洲森林半岛 4室2厅 156平米,8943,2016.05.12,https://gz.lianjia.com/chengjiao/GZ0001484677.html,113.565886,23.142768,1
碧桂园凤凰城凤馨苑 3室2厅 97平米,12062,2016.05.12,https://gz.lianjia.com/chengjiao/GZ0001564871.html,113.606996,23.147009,1
碧桂园凤凰城凤馨苑 3室2厅 93平米,11076,2016.05.11,https://gz.lianjia.com/chengjiao/GZ0001611255.html,113.606996,23.147009,1
翡翠绿洲森林半岛 2室2厅 106平米,10850,2016.05.10,https://gz.lianjia.com/chengjiao/GZ0001384347.html,113.565886,23.142768,1
翡翠绿洲森林半岛 2室2厅 93平米,9570,2016.05.09,https://gz.lianjia.com/chengjiao/GZ0001281745.html,113.565886,23.142768,1
碧桂园凤凰城凤锦苑 3室2厅 107平米,11870,2016.05.07,https://gz.lianjia.com/chengjiao/GZ0001656183.html,113.588626,23.159484,1
翡翠绿洲森林半岛 3室2厅 102平米,11079,2016.05.06,https://gz.lianjia.com/chengjiao/GZ0001554855.html,113.565886,23.142768,1
碧桂园凤凰城凤馨苑 2室2厅 92平米,10870,2016.05.06,https://gz.lianjia.com/chengjiao/GZ0001551176.html,113.606996,23.147009,1
碧桂园凤凰城凤妍苑 3室2厅 99平米,12627,2016.05.06,https://gz.lianjia.com/chengjiao/GZ0001622143.html,113.585118,23.133922,1
翡翠绿洲森林半岛 3室2厅 123平米,10407,2016.05.05,https://gz.lianjia.com/chengjiao/GZ0001484684.html,113.565886,23.142768,1
翡翠绿洲森林半岛 4室2厅 156平米,9007,2016.05.02,https://gz.lianjia.com/chengjiao/GZ0001536178.html,113.565886,23.142768,1
碧桂园凤凰城凤馨苑 3室2厅 94平米,12235,2016.04.30,https://gz.lianjia.com/chengjiao/GZ0001553566.html,113.606996,23.147009,1
翡翠绿洲森林半岛 3室2厅 101.15平米,9046,2016.04.30,https://gz.lianjia.com/chengjiao/GZ0001291728.html,113.565886,23.142768,1
碧桂园凤凰城凤馨苑 3室2厅 93.12平米,12672,2016.04.30,https://gz.lianjia.com/chengjiao/GZ0001609810.html,113.606996,23.147009,1
翡翠绿洲湖翠苑 2室2厅 95平米,9474,2016.04.28,https://gz.lianjia.com/chengjiao/GZ0001280526.html,113.559913,23.141319,1
碧桂园凤凰城凤馨苑 3室2厅 93平米,12345,2016.04.27,https://gz.lianjia.com/chengjiao/GZ0001573805.html,113.606996,23.147009,1
碧桂园凤凰城凤锦苑 3室2厅 119平米,10505,2016.04.27,https://gz.lianjia.com/chengjiao/GZ0001396603.html,113.588626,23.159484,1
翡翠绿洲湖翠苑 2室2厅 95平米,9137,2016.04.26,https://gz.lianjia.com/chengjiao/GZ0001280643.html,113.559913,23.141319,1
碧桂园凤凰城凤妍苑 3室2厅 93平米,13764,2016.04.25,https://gz.lianjia.com/chengjiao/GZ0001509620.html,113.585118,23.133922,1
碧桂园凤凰城凤天苑 5室2厅 268平米,11754,2016.04.24,https://gz.lianjia.com/chengjiao/GZ0001364725.html,113.590314,23.152997,1
合生湖山国际山咏轩 3室2厅 131平米,10000,2016.04.24,https://gz.lianjia.com/chengjiao/GZ0001617689.html,113.569713,23.13692,1
翡翠绿洲湖滨苑 3室2厅 136平米,10000,2016.04.22,https://gz.lianjia.com/chengjiao/GZ0001280531.html,113.56082,23.140858,1
碧桂园凤凰城凤天苑 3室2厅 105平米,10000,2016.04.20,https://gz.lianjia.com/chengjiao/GZ0001600483.html,113.590314,23.152997,1
翡翠绿洲森林半岛 4室2厅 180平米,11389,2016.04.19,https://gz.lianjia.com/chengjiao/GZ0001576780.html,113.565886,23.142768,1
翡翠绿洲森林半岛 3室2厅 89.79平米,10024,2016.04.18,https://gz.lianjia.com/chengjiao/GZ0001555201.html,113.565886,23.142768,1
碧桂园凤凰城凤妍苑 3室2厅 94平米,12660,2016.04.17,https://gz.lianjia.com/chengjiao/GZ0001375244.html,113.585118,23.133922,1
翡翠绿洲湖翠苑 3室2厅 137平米,9709,2016.04.17,https://gz.lianjia.com/chengjiao/GZ0001280953.html,113.559913,23.141319,1
翡翠绿洲森林半岛 3室2厅 149平米,8390,2016.04.17,https://gz.lianjia.com/chengjiao/GZ0001281468.html,113.565886,23.142768,1
碧桂园凤凰城凤锦苑 3室2厅 123平米,12196,2016.04.16,https://gz.lianjia.com/chengjiao/GZ0001563635.html,113.588626,23.159484,1
碧桂园凤凰城凤馨苑 2室2厅 92平米,12827,2016.04.16,https://gz.lianjia.com/chengjiao/GZ0001255775.html,113.606996,23.147009,1
碧桂园凤凰城凤妍苑 3室2厅 95.23平米,13652,2016.04.13,https://gz.lianjia.com/chengjiao/GZ0001515600.html,113.585118,23.133922,1
碧桂园凤凰城凤馨苑 3室2厅 93平米,11721,2016.04.13,https://gz.lianjia.com/chengjiao/GZ0001228068.html,113.606996,23.147009,1
碧桂园凤凰城凤妍苑 4室1厅 99平米,11920,2016.04.13,https://gz.lianjia.com/chengjiao/GZ0001509618.html,113.585118,23.133922,1
碧桂园凤凰城凤妍苑 3室2厅 95平米,12158,2016.04.11,https://gz.lianjia.com/chengjiao/GZ0001373214.html,113.585118,23.133922,1
碧桂园凤凰城凤馨苑 3室2厅 96平米,11448,2016.03.19,https://gz.lianjia.com/chengjiao/GZ0001228595.html,113.606996,23.147009,1
碧桂园凤凰城凤馨苑 3室2厅 99平米,11374,2016.03.11,https://gz.lianjia.com/chengjiao/GZ0001257311.html,113.606996,23.147009,1
碧桂园凤凰城凤妍苑 3室2厅 99平米,12122,2016.02.28,https://gz.lianjia.com/chengjiao/GZ0001250484.html,113.585118,23.133922,1
翡翠绿洲湖滨苑 2室2厅 95平米,9474,2016.01.23,https://gz.lianjia.com/chengjiao/GZ0001281683.html,113.56082,23.140858,1
